Amount of boids, FPS
500,4.12395
500,18.9812
500,35.8743
501,51.6494
501,46.4643
501,38.3697
502,35.8279
502,33.6118
502,45.4684
503,49.1623
503,42.6661
503,42.0863
504,39.389
504,29.6925
504,44.7604
505,47.0438
505,48.2367
505,46.1423
506,42.3758
506,41.1511
506,44.6498
507,48.5873
507,49.5805
507,49.7785
508,45.9438
508,46.3377
508,78.509
509,65.1538
509,61.5881
509,79.1434
510,73.6496
510,76.5158
510,68.1686
511,68.7181
511,75.9307
511,78.5842
512,78.7625
512,75.6653
512,80.0307
513,81.3676
513,62.4407
513,49.7327
514,61.8544
514,82.9071
514,65.3172
515,78.2773
515,78.612
515,81.9612
516,81.0182
516,83.4063
516,81.9928
517,82.5675
517,86.4543
517,88.7737
518,87.6286
518,72.8863
518,83.647
519,86.3908
519,86.1126
519,84.5594
520,87.6424
520,85.1898
520,86.713
521,84.0718
521,86.1267
521,87.2821
522,84.1538
522,86.9142
522,85.3344
523,85.1078
523,82.314
523,83.2085
524,86.0282
524,82.3554
524,82.2314
525,85.5037
525,85.7383
525,83.2508
526,86.043
526,87.9786
526,87.6455
527,88.3619
527,83.4188
527,88.0499
528,83.6316
528,84.3156
528,85.4051
529,87.244
529,86.2389
529,86.201
530,85.1745
530,82.7246
530,84.6676
531,84.139
531,82.7753
531,83.0475
532,82.6651
532,81.8873
532,83.4523
533,80.8774
533,82.9703
533,83.8729
534,85.8472
534,85.0037
534,87.3431
535,86.8199
535,87.1384
535,85.9956
536,86.408
536,79.521
536,81.4863
537,80.0173
537,82.5723
537,86.0023
538,86.169
538,82.2551
538,85.5176
539,87.1999
539,83.2064
539,77.4755
540,85.7545
540,83.7058
540,86.8538
541,86.3185
541,84.6289
541,83.3583
542,81.4863
542,82.8027
542,85.8038
543,86.0874
543,86.7784
543,85.0521
544,87.0845
544,86.3677
544,87.1429
545,86.6987
545,86.7943
545,85.955
546,86.5284
546,87.4455
546,85.1354
547,85.4423
547,84.7824
547,87.2882
548,81.9679
548,80.5717
548,83.6876
549,84.5059
549,83.5108
549,82.2139
550,81.3981
550,82.6617
550,84.4438
551,85.8878
551,84.2637
551,85.2297
552,85.3811
552,85.5505
552,85.6362
553,85.0116
553,85.972
553,86.2783
554,78.7643
554,79.7385
554,81.5494
555,82.4463
555,84.2275
555,85.5483
556,83.5401
556,82.6713
556,83.6792
557,84.9986
557,83.5617
557,84.224
558,85.7552
558,83.9201
558,83.7318
559,76.8504
559,82.6952
559,84.3569
560,78.9821
560,78.6807
560,80.8617
561,82.3893
561,82.2761
561,82.4538
562,83.6204
562,82.6993
562,83.8574
563,79.8435
563,81.3537
563,81.4604
564,81.88
564,80.2336
564,82.8514
565,83.2542
565,78.7743
565,79.0077
566,82.0129
566,81.3352
566,82.1578
567,83.9046
567,83.9687
567,79.3342
568,82.5375
568,80.8852
568,84.0195
569,84.1177
569,83.1656
569,81.616
570,85.0637
570,84.1992
570,84.6683
571,79.6597
571,78.9359
571,84.3057
572,84.0075
572,83.661
572,83.1539
573,83.7177
573,84.4694
573,84.5166
574,84.8443
574,84.4901
574,85.2551
575,84.0704
575,84.2843
575,85.3046
576,84.7551
576,84.4131
576,82.4035
577,79.7989
577,77.3282
577,82.5137
578,78.1537
578,75.7386
578,78.9285
579,78.3386
579,76.8486
579,78.2914
580,77.752
580,78.0275
580,79.2242
581,66.5899
581,62.3208
581,76.4678
582,79.3374
582,80.5289
582,71.5753
583,76.884
583,76.6219
583,77.2636
584,80.2658
584,79.4086
584,80.2472
585,76.2695
585,78.6924
585,79.991
586,79.3859
586,78.2718
586,80.1398
587,78.6028
587,79.8282
587,79.5995
588,78.2026
588,70.4796
588,73.6551
589,73.0663
589,73.6599
589,78.6238
590,80.5549
590,79.5957
590,79.8015
591,78.3902
591,79.36
591,76.5205
592,79.228
592,79.2337
592,79.6978
593,77.9989
593,75.857
593,76.255
594,72.5331
594,75.9094
594,72.3751
595,76.7189
595,77.8962
595,78.8849
596,79.1227
596,75.8714
596,78.7042
597,79.755
597,79.3135
597,78.9135
598,79.5355
598,75.3296
598,80.0647
599,79.0995
599,73.7235
599,72.4858
600,75.3591
600,76.2986
600,79.0451
601,77.3234
601,74.5846
601,78.6213
602,77.7206
602,78.9036
602,79.2023
603,75.9319
603,77.1563
603,74.2677
604,77.1664
604,77.321
604,71.7293
605,73.17
605,78.3147
605,76.7495
606,77.8586
606,78.2289
606,76.1626
607,78.6856
607,75.8725
607,74.921
608,78.1983
608,76.7312
608,80.3174
609,76.6008
609,72.2622
609,74.5234
610,68.0587
610,73.4268
610,73.0225
611,69.5565
611,76.9562
611,76.4491
612,77.5254
612,76.9515
612,76.9142
613,78.8581
613,77.2583
613,69.9878
614,75.7926
614,74.3384
614,77.1123
615,74.8996
615,72.8263
615,67.5954
616,74.7954
616,75.8881
616,76.9811
617,78.7519
617,76.6683
617,77.1307
618,76.5603
618,73.8722
618,73.4813
619,75.1467
619,74.6949
619,72.4323
620,73.4182
620,72.8587
620,70.9024
621,70.2775
621,72.489
621,72.9938
622,74.8817
622,76.3394
622,76.3283
623,74.715
623,75.2196
623,77.0553
624,76.5849
624,76.0503
624,75.9561
625,76.7142
625,76.5222
625,72.416
626,68.5937
626,72.7453
626,73.7599
627,74.2176
627,75.0238
627,75.8409
628,73.9415
628,74.4374
628,75.35
629,75.73
629,75.507
629,71.1131
630,72.9331
630,73.3374
630,71.5927
631,70.3205
631,69.7156
631,73.8569
632,72.2768
632,71.7623
632,72.6079
633,74.2424
633,72.3406
633,71.0384
634,72.5342
634,70.7935
634,73.4873
635,71.2946
635,72.6945
635,72.5221
636,67.1272
636,70.244
636,73.0775
637,74.2093
637,74.0818
637,73.2424
638,72.384
638,71.6846
638,70.4578
639,73.4409
639,72.4428
639,71.3419
640,71.4281
640,71.1764
640,71.9642
641,69.6311
641,70.8778
641,72.2079
642,68.2752
642,72.6222
642,72.4942
643,71.1091
643,72.9203
643,70.1277
644,72.3767
644,76.1319
644,74.4009
645,73.6887
645,71.2916
645,66.753
646,73.798
646,72.0305
646,72.4843
647,75.0706
647,74.3948
647,72.2705
648,72.1563
648,72.6127
648,70.9315
649,71.4184
649,71.7057
649,71.5789
650,73.2724
650,72.6993
650,69.6981
651,74.0445
651,71.973
651,75.4245
652,79.1145
652,80.7767
652,73.1133
653,75.9123
653,80.4946
653,78.3865
654,72.4087
654,77.3413
654,78.4142
655,75.6218
655,75.8541
655,73.8634
656,73.8105
656,76.0566
656,79.6686
657,73.2097
657,82.5798
657,81.8471
658,77.9508
658,79.6813
658,79.8958
659,73.0519
659,80.5296
659,78.4615
660,79.8875
660,77.6199
660,77.5194
661,79.595
661,72.1137
661,78.0762
662,65.0335
662,70.1946
662,73.1181
663,78.7619
663,78.2362
663,78.8631
664,84.1885
664,84.1156
664,83.2848
665,78.9964
665,83.4606
665,81.7728
666,81.6147
666,82.2808
666,81.2077
667,79.3355
667,76.3073
667,82.3337
668,82.9401
668,80.9782
668,81.6573
669,81.034
669,86.0378
669,80.9913
670,84.6826
670,84.2453
670,83.8638
671,86.2166
671,85.1571
671,81.1899
672,76.3155
672,80.575
672,79.8684
673,83.9088
673,83.1165
673,83.0848
674,84.791
674,82.7472
674,83.2064
675,84.0068
675,90.0171
675,84.1064
676,83.6085
676,88.4197
676,85.5286
677,84.8846
677,90.8703
677,92.5926
678,86.6484
678,88.1011
678,87.7786
679,92.8988
679,94.4162
679,86.8923
680,93.0484
680,95.7103
680,96.472
681,95.563
681,96.5027
681,97.2517
682,97.0553
682,95.638
682,96.1955
683,97.2942
683,94.8965
683,95.4809
684,97.6019
684,97.8263
684,98.2859
685,94.1699
685,91.4052
685,94.802
686,95.8929
686,95.1131
686,96.2983
687,97.5524
687,98.6009
687,94.3503
688,91.0855
688,100.071
688,100.128
689,99.977
689,99.0727
689,99.1002
690,100.63
690,97.7527
690,99.7069
691,100.346
691,99.0001
691,90.6659
692,94.4528
692,97.3444
692,96.5876
693,95.1068
693,97.6944
693,98.5698
694,98.8709
694,100.599
694,98.7684
695,99.7417
695,98.2231
695,98.8572
696,99.4639
696,92.8324
696,92.9567
697,92.6166
697,92.6621
697,93.396
698,96.8983
698,92.5215
698,89.3009
699,98.2405
699,85.5886
699,90.1437
700,91.9836
700,95.2327
700,93.8712
701,96.2937
701,97.1732
701,97.0968
702,97.0817
702,97.6238
702,98.0902
703,97.9087
703,83.3695
703,90.9529
704,91.0473
704,93.813
704,90.1388
705,79.2443
705,88.7831
705,91.5047
706,91.5483
706,90.5937
706,92.3088
707,91.3701
707,88.7311
707,91.6078
708,89.7143
708,91.9194
708,86.6183
709,88.5685
709,96.5773
709,95.2935
710,84.5788
710,95.9767
710,92.9031
711,87.6463
711,88.7776
711,88.0685
712,96.0892
712,95.0914
712,93.5865
713,95.2245
713,94.2143
713,95.5082
714,95.2689
714,94.9668
714,94.9073
715,95.5301
715,94.7346
715,94.5913
716,95.3844
716,94.5358
716,94.4992
717,95.9297
717,88.5285
717,88.4025
718,86.0452
718,94.8587
718,93.3271
719,85.9225
719,91.8847
719,92.7988
720,92.0717
720,94.5314
720,94.5063
721,93.444
721,92.9437
721,94.4706
722,95.2009
722,94.3637
722,87.1118
723,86.8236
723,92.742
723,85.0188
724,89.1313
724,89.3503
724,94.4974
725,93.4737
725,93.7286
725,94.6611
726,93.2523
726,91.2126
726,93.7269
727,92.0116
727,92.9524
727,92.6861
728,93.947
728,91.4595
728,92.7334
729,93.1047
729,92.816
729,93.0795
730,92.1888
730,85.7677
730,86.7852
731,91.4746
731,93.3149
731,92.3344
732,92.6518
732,93.2749
732,92.2867
733,93.1029
733,93.1125
733,92.2926
734,91.8291
734,92.1133
734,91.2759
735,88.5277
735,91.1644
735,93.8518
736,92.6629
736,90.3751
736,87.7131
737,89.1345
737,86.7551
737,88.2636
738,92.942
738,92.8384
738,92.366
739,92.9973
739,90.6742
739,91.8822
740,93.4763
740,91.691
740,91.4896
741,92.2518
741,92.6767
741,92.4411
742,90.763
742,81.5003
742,81.3418
743,79.2569
743,79.9079
743,92.7085
744,91.255
744,94.3138
744,93.3036
745,93.6172
745,93.3995
745,93.2132
746,93.1923
746,92.3933
746,92.5549
747,94.1903
747,91.6011
747,92.9308
748,93.0336
748,93.2644
748,93.1385
749,90.3522
749,88.2215
749,90.2218
750,85.047
750,87.4898
750,90.7375
751,92.0641
751,91.4394
751,91.3651
752,90.7342
752,90.8793
752,91.1968
753,92.4257
753,90.8868
753,91.6943
754,92.4351
754,87.0261
754,88.75
755,90.3196
755,91.9371
755,84.8515
756,86.5778
756,90.052
756,84.6253
757,92.4727
757,91.8603
757,92.4582
758,91.6565
758,90.4429
758,86.6746
759,85.0709
759,91.7263
759,84.9668
760,92.4172
760,84.74
760,88.1383
761,87.6178
761,90.9902
761,85.9727
762,83.9306
762,89.6853
762,88.2519
763,88.2706
763,90.2258
763,90.7293
764,88.326
764,90.8026
764,90.138
765,90.3661
765,90.6413
765,90.043
766,86.7017
766,87.9987
766,86.1698
767,90.4748
767,91.3784
767,85.0687
768,82.4131
768,89.0329
768,90.6569
769,90.456
769,90.0601
769,90.9852
770,85.1361
770,88.4643
770,89.5488
771,86.5359
771,86.6296
771,88.2145
772,87.9794
772,85.6839
772,85.9158
773,86.986
773,86.355
773,82.4008
774,77.5873
774,88.6973
774,89.2387
775,78.6689
775,90.4715
775,90.8174
776,91.4428
776,90.4797
776,89.2363
777,89.1488
777,87.0822
777,88.9791
778,88.6548
778,89.3104
778,89.3679
779,88.5481
779,88.1438
779,89.544
780,81.9202
780,84.6088
780,87.4126
781,85.1484
781,84.4923
781,86.2552
782,86.9444
782,85.7567
782,85.3184
783,87.1186
783,88.1873
783,88.0762
784,87.6155
784,88.6101
784,89.4895
785,89.2833
785,89.0401
785,85.9793
786,79.7588
786,86.6551
786,87.1148
787,86.1148
787,77.1885
787,83.9137
788,88.2449
788,88.4431
788,87.7732
789,88.2356
789,86.3006
789,82.4239
790,81.5135
790,86.3126
790,88.817
791,89.6491
791,89.0972
791,84.047
792,84.5094
792,85.7971
792,87.6578
793,87.5718
793,88.4948
793,87.4019
794,81.3709
794,89.1417
794,86.9142
795,88.0817
795,88.1523
795,84.3611
796,83.2612
796,85.1259
796,87.4967
797,87.3843
797,85.3709
797,83.0137
798,76.4982
798,82.3771
798,82.605
799,83.9398
799,87.4868
799,87.1202
800,87.1642
800,86.0585
800,87.0731
801,85.3191
801,85.118
801,85.0854
802,86.8169
802,86.2731
802,86.3752
803,84.2737
803,86.2225
803,81.5681
804,78.246
804,85.8354
804,87.7755
805,86.6837
805,87.1217
805,86.6408
806,85.9697
806,85.789
806,84.943
807,85.9978
807,86.02
807,85.6773
808,86.6341
808,86.2322
808,86.3006
809,82.5212
809,82.1943
809,81.2592
810,85.5205
810,84.5109
810,84.29
811,84.5266
811,85.2173
811,85.8974
812,86.0815
812,85.6861
812,86.0674
813,86.2843
813,85.4599
813,85.0919
814,86.0756
814,84.6575
814,85.4248
815,85.6773
815,79.8091
815,84.0506
816,83.2799
816,81.8491
816,83.9821
817,83.4446
817,83.6463
817,84.5866
818,83.1815
818,83.9222
818,84.5502
819,83.1276
819,83.2841
819,85.2755
820,83.696
820,84.3249
820,85.1694
821,85.2966
821,80.2652
821,82.6829
822,83.0399
822,82.1018
822,83.9786
823,82.2754
823,83.2834
823,84.2588
824,84.8839
824,80.3671
824,81.0392
825,82.371
825,83.2535
825,84.1114
826,83.2861
826,83.248
826,79.6832
827,85.1861
827,80.6517
827,83.7304
828,82.8961
828,79.1872
828,83.7507
829,84.8176
829,84.4923
829,82.96
830,83.6736
830,83.1663
830,82.9483
831,83.7507
831,83.5087
831,83.4913
832,83.1559
832,83.3792
832,84.3455
833,84.4552
833,78.8581
833,82.6153
834,81.813
834,82.4362
834,83.9461
835,84.636
835,84.3334
835,84.3035
836,85.1919
836,83.2806
836,84.8248
837,84.2467
837,83.3139
837,83.0268
838,82.8226
838,84.3654
838,84.1737
839,80.0756
839,81.0951
839,82.7116
840,82.5443
840,83.2404
840,81.32
841,83.4801
841,82.4402
841,84.1971
842,81.8203
842,83.1532
842,81.8056
843,84.3341
843,82.3201
843,82.4165
844,82.6364
844,82.4735
844,79.406
845,76.0358
845,76.8049
845,77.1575
846,79.8072
846,81.2407
846,81.7361
847,78.5139
847,82.2193
847,81.7742
848,82.5042
848,82.3927
848,82.0425
849,79.3072
849,82.1254
849,81.2506
850,83.1435
850,81.9934
850,77.7732
851,78.4431
851,78.9135
851,79.5741
852,80.627
852,57.9103
852,69.1243
853,82.8782
853,82.1889
853,82.3093
854,82.2971
854,81.406
854,82.98
855,82.2565
855,83.0248
855,82.4226
856,78.8731
856,78.6349
856,79.2563
857,80.549
857,78.9092
857,80.6836
858,82.2362
858,80.7989
858,82.1916
859,80.8793
859,81.8592
859,82.2159
860,81.62
860,81.7347
860,81.7956
861,78.8389
861,79.5912
861,75.3653
862,76.5644
862,81.422
862,81.6233
863,82.1767
863,83.0206
863,82.2247
864,82.2166
864,79.6223
864,79.1145
865,82.1382
865,82.0291
865,81.0951
866,79.3449
866,81.7401
866,81.9659
867,76.9515
867,72.5758
867,80.1
868,82.0466
868,80.9913
868,80.8113
869,80.0493
869,81.0169
869,79.8116
870,81.242
870,80.7278
870,81.8887
871,81.2843
871,80.5815
871,81.8847
872,80.5659
872,78.842
872,77.9593
873,76.3854
873,78.9073
873,79.0483
874,79.1452
874,80.4117
874,79.6641
875,78.1659
875,76.0121
875,72.8497
876,74.5462
876,79.8129
876,80.2594
877,80.1166
877,79.0995
877,78.8271
878,80.159
878,76.5562
878,72.3694
879,79.6565
879,79.6883
879,78.8283
880,79.7995
880,79.8429
880,81.2698
881,81.5202
881,80.7402
881,77.6036
882,80.9631
882,81.5847
882,80.05
883,79.8971
883,77.9277
883,75.0976
884,73.5635
884,77.2248
884,76.1475
885,79.2117
885,79.072
885,79.1634
886,79.4306
886,78.9528
886,78.8302
887,78.0847
887,78.4406
887,78.6615
888,78.664
888,79.2092
888,78.9783
889,79.5526
889,74.5901
889,73.8569
890,76.7949
890,78.4486
890,77.063
891,76.3604
891,77.1557
891,78.7371
892,78.9054
892,77.5368
892,78.1146
893,77.6156
893,77.8047
893,78.2687
894,78.9291
894,78.5978
894,74.2815
895,74.0231
895,75.5179
895,77.0903
896,77.4419
896,78.5577
896,77.1528
897,77.3365
897,77.4539
897,76.9012
898,77.6615
898,73.9311
898,76.4801
899,76.7642
899,76.9704
899,76.929
900,75.7014
900,74.1488
900,76.5732
901,75.2961
901,78.6832
901,78.0658
902,75.8679
902,79.7722
902,77.4869
903,79.7563
903,79.7989
903,77.5242
904,78.8407
904,77.8119
904,78.8637
905,74.9558
905,72.6765
905,77.1974
906,78.2871
906,75.6825
906,75.8001
907,75.0931
907,77.1992
907,77.2941
908,78.9422
908,78.1293
908,73.767
909,76.9503
909,77.7158
909,78.6931
910,78.9185
910,73.2676
910,74.3854
911,77.6651
911,76.6942
911,77.5729
912,78.1488
912,76.7648
912,76.7925
913,76.5503
913,75.7777
913,77.0244
914,76.9989
914,77.4575
914,76.9012
915,76.9853
915,74.0966
915,72.1204
916,75.8259
916,71.2073
916,76.9462
917,75.7295
917,72.4443
917,75.8116
918,76.0584
918,76.0121
918,77.3694
919,76.3674
919,75.7025
919,76.6395
920,75.5818
920,74.6971
920,73.1021
921,72.1594
921,72.4349
921,77.1111
922,77.3814
922,77.3156
922,77.9867
923,78.1794
923,74.5334
923,72.9757
924,75.227
924,76.5011
924,77.2535
925,74.8542
925,72.3155
925,73.3417
926,72.2966
926,73.3068
926,75.5675
927,76.8746
927,76.2056
927,77.3114
928,76.3341
928,76.7124
928,76.7089
929,73.7632
929,76.3604
929,77.7176
930,78.1409
930,77.0446
930,73.2918
931,73.4047
931,73.7229
931,73.8836
932,76.8238
932,71.5712
932,71.2312
933,73.2172
933,73.4468
933,76.4105
934,76.2311
934,73.8302
934,75.0401
935,76.6589
935,77.0493
935,70.5736
936,72.1605
936,73.6198
936,76.6695
937,76.9586
937,76.3656
937,76.5152
938,74.6135
938,76.4187
938,76.6383
939,77.1593
939,72.3123
939,70.7579
940,75.8351
940,73.5202
940,72.0093
941,66.4046
941,73.192
941,74.3904
942,76.5374
942,70.8587
942,73.0946
943,72.5631
943,75.2989
943,74.8688
944,75.9774
944,74.7284
944,73.415
945,74.217
945,73.0092
945,71.4587
946,71.4556
946,73.6166
946,75.3494
947,74.5924
947,76.1806
947,76.5275
948,73.0722
948,75.8524
948,73.9919
949,72.7077
949,75.8317
949,75.5099
950,75.8512
950,75.0768
950,71.0646
951,67.1641
951,71.563
951,74.4768
952,74.9153
952,75.2298
952,75.9451
953,74.5473
953,73.6328
953,75.9198
954,76.1383
954,74.3417
954,75.507
955,74.2876
955,75.8409
955,72.3275
956,67.9076
956,68.8895
956,72.6385
957,69.7846
957,68.6412
957,69.9276
958,73.5391
958,73.4765
958,71.343
959,72.0949
959,72.6148
959,73.4177
960,73.5673
960,71.9005
960,68.604
961,69.9242
961,73.1235
961,72.5884
962,69.9188
962,68.9484
962,74.4701
963,72.8311
963,74.6408
963,72.6338
964,74.6899
964,75.0751
964,73.9847
965,74.9805
965,74.7485
965,69.1821
966,69.6253
966,71.4612
966,71.4801
967,72.5395
967,74.0132
967,74.4602
968,75.3432
968,74.4679
968,74.9631
969,73.4295
969,73.429
969,74.4746
970,74.9968
970,74.843
970,73.8078
971,70.1346
971,71.6271
971,72.2825
972,68.8335
972,74.5368
972,74.7379
973,72.49
973,73.9295
973,70.7469
974,70.3225
974,69.7194
974,66.0245
975,73.1518
975,72.48
975,73.0241
976,68.238
976,68.9004
976,70.5159
977,72.3736
977,73.5083
977,74.0472
978,74.5801
978,74.2269
978,71.4107
979,72.2632
979,70.1681
979,69.3784
980,68.4711
980,67.803
980,67.7346
981,63.5425
981,67.2961
981,67.4104
982,57.0067
982,67.129
982,69.0665
983,69.2626
983,67.9995
983,72.4092
984,73.2247
984,69.3097
984,72.4449
985,72.2277
985,69.1338
985,66.5464
986,70.8175
986,72.0134
986,73.6529
987,72.5147
987,71.9797
987,68.8596
988,74.1785
988,73.2934
988,73.1786
989,73.2542
989,73.7615
989,68.1343
990,71.6209
990,69.7404
990,68.8781
991,71.2616
991,72.0757
991,71.5968
992,72.4879
992,73.2815
992,72.6834
993,72.9373
993,73.1005
993,72.8162
994,68.6031
994,72.7543
994,72.1923
995,72.5653
995,70.1528
995,64.7836
996,66.9125
996,70.8818
996,72.0622
997,72.5174
997,69.8353
997,70.7754
998,70.9723
998,71.5302
998,71.4725
999,71.0197
999,70.9895
999,65.2005
1000,67.0044
1000,68.2631
1000,70.9099
1001,70.8496
1001,70.371
1001,71.0525
1002,72.5395
1002,71.788
1002,71.6784
1003,72.0861
1003,72.4485
1003,72.9421
1004,68.9256
1004,71.7473
1004,71.0944
1005,69.2674
1005,66.1695
1005,67.7397
1006,68.2068
1006,70.2765
1006,72.2893
1007,71.0268
1007,66.6413
1007,71.4643
1008,69.9222
1008,70.2958
1008,68.0777
1009,72.4197
1009,71.8453
1009,69.6728
1010,67.2048
1010,67.4636
1010,70.5482
1011,71.1207
1011,72.2319
1011,70.14
1012,72.4659
1012,72.3558
1012,72.9554
1013,71.2951
1013,72.1808
1013,72.1792
1014,73.0818
1014,70.4126
1014,67.8132
1015,70.3784
1015,69.4078
1015,69.219
1016,71.3776
1016,70.7434
1016,67.3555
1017,72.0887
1017,72.0456
1017,72.6623
1018,71.3114
1018,71.5471
1018,72.4097
1019,71.8525
1019,65.0068
1019,66.7325
1020,69.3808
1020,70.0535
1020,70.1223
1021,71.9953
1021,71.1648
1021,71.45
1022,70.8818
1022,71.2028
1022,70.7244
1023,70.6984
1023,70.9602
1023,71.3084
1024,69.6258
1024,67.0772
1024,69.4454
1025,68.0703
1025,68.2333
1025,67.2011
1026,70.8281
1026,70.4717
1026,71.0884
1027,71.2058
1027,70.6145
1027,71.0318
1028,64.8353
1028,67.4545
1028,69.5986
1029,67.552
1029,65.6711
1029,63.5922
1030,48.5288
1030,69.3001
1030,65.5789
1031,69.3049
1031,67.9713
1031,69.4324
1032,68.2324
1032,68.4392
1032,69.2482
1033,66.1498
1033,66.3975
1033,65.716
1034,64.7103
1034,65.6495
1034,65.7255
1035,69.1955
1035,69.1793
1035,68.4856
1036,66.8789
1036,68.985
1036,68.5237
1037,66.8883
1037,65.7527
1037,67.3315
1038,67.4951
1038,64.2603
1038,62.4438
1039,64.1412
1039,68.6799
1039,69.6301
1040,70.623
1040,67.7273
1040,70.5482
1041,70.111
1041,69.571
1041,68.8444
1042,66.4394
1042,70.5592
1042,66.4735
1043,65.1521
1043,68.7999
1043,69.734
1044,69.8851
1044,68.1668
1044,68.5138
1045,68.7791
1045,67.9491
1045,68.1649
1046,67.962
1046,65.7108
1046,68.6742
1047,69.7209
1047,67.2332
1047,66.4558
1048,68.0758
1048,67.5292
1048,69.035
1049,69.7598
1049,69.5865
1049,70.0319
1050,70.0457
1050,68.596
1050,68.7734
1051,69.7696
1051,69.6689
1051,68.4514
1052,65.2895
1052,64.7442
1052,65.2742
1053,65.9848
1053,67.6375
1053,69.2271
1054,69.1171
1054,67.9053
1054,69.3308
1055,69.5536
1055,68.6431
1055,69.4064
1056,69.456
1056,69.1329
1056,66.1533
1057,65.897
1057,61.5946
1057,66.878
1058,67.2608
1058,68.7422
1058,66.226
1059,67.4932
1059,67.3623
1059,65.9209
1060,66.2212
1060,68.6908
1060,69.2118
1061,68.7082
1061,63.0855
1061,60.8372
1062,64.6417
1062,68.3153
1062,68.0254
1063,69.5169
1063,69.1735
1063,68.8672
1064,68.9332
1064,68.42
1064,69.0651
1065,66.9909
1065,66.7753
1065,68.5068
1066,65.2512
1066,63.7861
1066,67.3364
1067,67.9057
1067,67.351
1067,67.3419
1068,67.7204
1068,68.2813
1068,68.465
1069,68.286
1069,68.017
1069,67.8081
1070,67.6407
1070,67.4313
1070,63.6043
1071,62.9069
1071,66.1708
1071,67.4823
1072,67.6297
1072,68.0355
1072,67.5817
1073,67.8293
1073,68.2286
1073,67.5019
1074,67.9186
1074,67.7053
1074,67.3115
1075,68.0916
1075,63.2015
1075,64.4583
1076,63.7105
1076,65.8783
1076,66.5017
1077,65.9
1077,67.2554
1077,67.5037
1078,67.6334
1078,67.4818
1078,66.3967
1079,67.6517
1079,67.7732
1079,67.1276
1080,63.2735
1080,61.5006
1080,65.1729
1081,65.5708
1081,67.1447
1081,65.0001
1082,67.5475
1082,63.9027
1082,66.2111
1083,67.2531
1083,66.7976
1083,65.4754
1084,65.3339
1084,63.3445
1084,61.639
1085,63.5219
1085,64.6408
1085,67.0875
1086,67.2255
1086,67.5607
1086,67.0102
1087,67.5374
1087,65.6974
1087,66.9501
1088,67.0421
1088,66.9537
1088,66.5655
1089,63.4317
1089,63.1409
1089,59.5472
1090,59.3859
1090,65.3031
1090,66.6622
1091,66.7878
1091,62.7101
1091,62.2789
1092,66.7143
1092,64.0373
1092,66.7147
1093,66.7076
1093,63.6282
1093,62.3717
1094,61.9241
1094,58.2611
1094,67.1447
1095,66.8315
1095,66.5677
1095,66.4452
1096,66.527
1096,65.6164
1096,64.1597
1097,67.133
1097,66.8436
1097,66.7218
1098,60.4051
1098,62.4688
1098,63.9758
1099,63.9325
1099,65.2908
1099,65.6668
1100,65.7886
1100,65.8436
1100,66.1599
1101,65.5445
1101,65.6151
1101,65.8211
1102,66.2291
1102,62.7242
1102,63.1034
1103,63.7926
1103,63.2239
1103,63.8134
1104,64.009
1104,63.1405
1104,63.7004
1105,65.3761
1105,65.585
1105,65.5811
1106,64.482
1106,65.3373
1106,65.7276
1107,63.0438
1107,63.6935
1107,64.057
1108,63.4772
1108,64.9148
1108,64.2067
1109,64.845
1109,62.3041
1109,64.9789
1110,65.7203
1110,64.6738
1110,64.8513
1111,65.2456
1111,64.8955
1111,61.2096
1112,62.2483
1112,59.7489
1112,61.5229
1113,65.4365
1113,65.7951
1113,66.2765
1114,65.0495
1114,64.8071
1114,64.4741
1115,65.1415
1115,65.0643
1115,63.6266
1116,57.7778
1116,58.5466
1116,63.7658
1117,63.1018
1117,64.2442
1117,64.6864
1118,64.7245
1118,64.064
1118,61.72
1119,63.9452
1119,61.2437
1119,53.9546
1120,64.2228
1120,62.0544
1120,61.3704
1121,61.5313
1121,61.4009
1121,61.2678
1122,60.0669
1122,64.5099
1122,65.1504
1123,66.2959
1123,65.867
1123,64.8105
1124,64.2005
1124,65.0635
1124,62.8733
1125,64.1894
1125,63.5465
1125,62.1365
1126,64.4538
1126,64.6003
1126,64.4342
1127,64.6977
1127,64.787
1127,65.3006
1128,65.0474
1128,65.1063
1128,63.631
1129,65.0982
1129,59.1804
1129,62.8488
1130,62.9251
1130,64.2802
1130,65.2678
1131,63.5417
1131,59.522
1131,64.632
1132,64.0094
1132,63.7519
1132,64.8891
1133,64.7769
1133,64.8361
1133,61.1352
1134,63.1301
1134,64.6692
1134,64.4255
1135,64.5811
1135,63.012
1135,65.0508
1136,64.8113
1136,62.5896
1136,63.614
1137,64.2979
1137,63.4019
1137,57.0334
1138,61.7078
1138,59.6783
1138,63.2571
1139,63.1429
1139,59.3733
1139,64.3008
1140,63.7113
1140,64.2508
1140,63.2723
1141,64.2475
1141,49.5609
1141,62.3714
1142,63.663
1142,63.6712
1142,60.1699
1143,58.7475
1143,60.6984
1143,63.6084
1144,64.1276
1144,64.3318
1144,63.1676
1145,63.868
1145,64.9035
1145,63.5062
1146,62.7294
1146,64.1022
1146,61.7303
1147,60.0031
1147,61.5203
1147,61.7311
1148,63.1524
1148,62.9588
1148,62.9735
1149,63.6084
1149,62.8832
1149,63.455
1150,63.9636
1150,63.9488
1150,62.74
1151,62.7691
1151,60.7039
1151,62.0086
1152,61.9986
1152,62.8879
1152,63.0509
1153,63.6233
1153,64.0229
1153,63.1365
1154,63.3758
1154,62.3651
1154,64.355
1155,64.0254
1155,62.303
1155,60.6439
1156,60.4833
1156,61.8227
1156,59.8871
1157,61.1049
1157,63.2795
1157,62.1002
1158,60.7851
1158,61.1075
1158,61.1325
1159,61.5661
1159,62.1284
1159,61.5927
1160,60.9225
1160,60.5859
1160,61.439
1161,60.0431
1161,60.6152
1161,59.8645
1162,61.6972
1162,60.3322
1162,57.464
1163,62.1361
1163,61.2681
1163,60.9515
1164,60.8165
1164,59.1653
1164,58.605
1165,61.9218
1165,61.6477
1165,61.3132
1166,61.5479
1166,61.612
1166,62.089
1167,61.7623
1167,61.851
1167,60.1917
1168,62.9434
1168,62.3469
1168,60.0107
1169,58.7468
1169,61.1606
1169,62.0447
1170,61.8364
1170,62.3243
1170,62.1423
1171,62.2049
1171,60.7862
1171,61.6751
1172,61.8709
1172,61.0352
1172,61.6253
1173,58.1646
1173,58.1257
1173,61.529
1174,60.7179
1174,61.4776
1174,61.59
1175,60.8735
1175,61.4673
1175,61.1726
1176,61.3625
1176,61.3998
1176,61.3779
1177,58.1784
1177,57.5384
1177,59.0211
1178,59.9449
1178,60.3806
1178,60.0265
1179,60.518
1179,60.0918
1179,60.6178
1180,60.081
1180,60.6586
1180,56.7334
1181,59.5426
1181,57.9307
1181,57.2646
1182,57.171
1182,58.7841
1182,59.6036
1183,58.9126
1183,58.2059
1183,59.56
1184,59.7043
1184,58.0407
1184,59.7704
1185,60.3165
1185,59.919
1185,57.048
1186,58.6036
1186,59.9736
1186,60.2051
1187,60.4262
1187,60.5213
1187,59.5249
1188,59.5351
1188,60.0301
1188,60.4095
1189,60.4902
1189,60.4536
1189,60.4029
1190,57.7031
1190,58.2747
1190,58.5792
1191,59.7618
1191,58.1706
1191,59.6591
1192,59.9671
1192,60.1124
1192,60.1381
1193,60.2061
1193,60.0031
1193,60.5239
1194,57.6631
1194,57.7301
1194,57.1765
1195,57.1491
1195,60.128
1195,61.6207
1196,61.8977
1196,62.0575
1196,62.3803
1197,61.7353
1197,61.3414
1197,60.6347
1198,58.1037
1198,56.9885
1198,58.537
1199,58.0238
1199,56.0328
1199,57.22
1200,56.0215
1200,56.9573
1200,57.0877
1201,56.8838
1201,55.1727
1201,55.7622
1202,55.5148
1202,55.3406
1202,59.1544
1203,57.3908
1203,58.8699
1203,58.8627
1204,57.9253
1204,58.559
1204,57.6415
1205,57.7031
1205,59.5887
1205,59.0103
1206,55.9744
1206,53.4328
1206,54.8008
1207,55.2944
1207,54.0771
1207,54.9668
1208,55.4877
1208,58.3267
1208,57.6552
1209,58.6665
1209,56.23
1209,57.1102
1210,55.6502
1210,52.6152
1210,54.6287
1211,56.5052
1211,57.0916
1211,54.839
1212,56.8705
1212,55.8775
1212,56.0039
1213,55.6756
1213,53.1364
1213,58.2808
1214,53.6723
1214,52.8203
1214,57.6608
1215,58.3683
1215,56.5483
1215,56.1274
1216,57.1451
1216,60.8746
1216,59.1146
1217,56.3815
1217,57.5225
1217,57.4089
1218,54.7309
1218,53.2453
1218,55.6368
1219,55.8491
1219,56.9736
1219,56.4102
1220,55.7274
1220,57.427
1220,58.37
1221,57.5053
1221,55.4139
1221,56.3707
1222,56.8095
1222,53.8642
1222,54.1785
1223,55.4551
1223,54.5123
1223,55.1517
1224,55.0249
1224,55.1049
1224,54.87
1225,55.1198
1225,56.4369
1225,58.1024
1226,60.1482
1226,53.0938
1226,56.4468
1227,56.2031
1227,57.2407
1227,57.7654
1228,58.1456
1228,57.7824
1228,58.9227
1229,58.2883
1229,57.3141
1229,57.6731
1230,55.987
1230,55.3443
